macro_region,tam_bruto,clientes_fcarnes,clientes_local,tam_neto,penetracion_pct,tam_mayorista,tam_proceso,tam_retail,distancia_sakbe_km,costo_logistico_mxn,casetas_mxn,combustible_mxn
CENTRO,19300,6,0,19294,0.03,346,421,18533,1065.0,7148.0,2467.0,4681.0
NORESTE,4163,2958,1547,2650,71.05,193,100,3870,128.0,781.0,219.0,562.0
OCCIDENTE,7626,6,0,7620,0.08,177,333,7116,904.0,5939.0,1966.0,3973.0
FRONTERA_NORTE,1793,27,0,1766,1.51,143,81,1569,839.8704301075269,6098.469420967743,,
BAJIO,4434,12,0,4422,0.27,121,88,4225,633.0,3773.0,991.0,2781.0
GOLFO_SURESTE,13795,7,0,13788,0.05,115,1024,12656,1329.3823529411766,9044.294205882354,,
NOROESTE,1985,11,0,1974,0.55,80,66,1839,798.8508888888889,6998.791802888889,,
PENINSULA,2373,32,0,2341,1.35,50,48,2275,1643.9804793932265,11188.12,,
